Tier,Product ID,Product Family,Category,Product Standard Name,Primary Purpose,Supported 6S Phases,Applicable Rooms,Required Level,Standard Quantity,Unit of Measure,Estimated Retail Low,Estimated Retail High,Safety / Compatibility Notes,_zone_count,Merchant,Merchant SKU,Affiliate URL,Commission %,Last Checked,Link Status,Notes,Why Recommended
1 Universal Kit,MPL-00008,Cleaning Tools,Vacuum,Compact vacuum with attachments,"Remove dust, crumbs, and debris",Shine,All,Core,1,each,80,250,Use appropriate attachment,114,target,,https://www.target.com/s?searchTerm=handheld+vacuum+with+attachments,,2026-09-04,Verified search,Retailer search for the product type. 21 of the first 24 results matched vacuum when rendered 2026-09-04. No affiliate code.,"Difficult cleaning is a root cause, and in a micro zone the obstacle is the seam, track and corner a broom cannot reach. The crevice attachment is the part that matters here, not the motor."
1 Universal Kit,MPL-00010,Sort & Routing,Sort Containers,"Keep, Relocate, Donate, Recycle, Trash container set",Support rapid item routing during Sort,Sort,All,Core,5,containers,15,50,Do not block exits,114,target,,https://www.target.com/s?searchTerm=storage+totes+with+lids,,2026-09-04,Verified search,Retailer search for the product type. 23 of the first 24 results matched tote/storage/bin when rendered 2026-09-04. No affiliate code.,"Sort is a decision and a decision needs somewhere to put the answer. Five labelled containers turn a vague clear-out into five finished piles, which is why this comes before any organiser."
1 Universal Kit,MPL-00012,Visual Controls,Label Maker,Portable label maker,Create durable standardized labels,Standardize; Sustain,All,Core,1,each,25,60,Follow surface and adhesive guidance,114,target,,https://www.target.com/s?searchTerm=label+maker,,2026-09-04,Verified search,Retailer search for the product type. 24 of the first 24 results matched label when rendered 2026-09-04. No affiliate code.,An inconsistent standard is a root cause: the zone only holds if the right state is obvious to somebody who was not there when you set it. A printed label survives that person; a memory does not.
1 Universal Kit,MPL-00009,Cleaning Tools,Portable Caddy,Portable cleaning caddy,Transport and contain cleaning inputs,Straighten; Shine; Sustain,All,Core,1,each,10,35,Secure chemicals from children and pets,114,target,,https://www.target.com/s?searchTerm=cleaning+caddy,,2026-09-04,Verified search,Retailer search for the product type. 7 of the first 24 results matched caddy when rendered 2026-09-04. No affiliate code.,"Too many steps is the reason cleaning stops happening. Walking back to the cupboard mid-zone costs more than the wipe does, so the inputs travel with you."
1 Universal Kit,MPL-00013,Visual Controls,Removable Labels,Removable write-on labels,Create temporary or adjustable visual controls,Standardize,All,Core,1,pack,6,18,Test on delicate finishes,114,target,,https://www.target.com/s?searchTerm=removable+write+on+labels,,2026-09-04,Verified search,Retailer search for the product type. 19 of the first 24 results matched label when rendered 2026-09-04. No affiliate code.,"A first standard is usually slightly wrong. Removable labels let you correct it in a second, so people fix the system instead of living around it."
1 Universal Kit,MPL-00001,Cleaning Supplies,General Cleaner,Neutral pH multi-surface cleaner,Routine cleaning of sealed surfaces,Shine; Sustain,All,Core,1,bottle,6,15,Verify surface compatibility; lock around children and pets,112,target,,https://www.target.com/s?searchTerm=ph+neutral+all+purpose+cleaner,,2026-09-04,Verified search,Retailer search for the product type. 22 of the first 24 results matched cleaner when rendered 2026-09-04. No affiliate code.,"Excess quantity applies under the sink too. One neutral cleaner covers nearly every sealed surface in the house, which replaces six bottles and removes the choice that stalls the job."
1 Universal Kit,MPL-00006,Cleaning Tools,Microfiber Cloths,Color-coded microfiber cloth set,"Wipe, dust, and dry surfaces",Shine,All,Core,12,cloths,15,40,Wash by use color; avoid fabric softener,111,target,,https://www.target.com/s?searchTerm=microfiber+cleaning+cloths,,2026-09-04,Verified search,Retailer search for the product type. 11 of the first 24 results matched microfiber when rendered 2026-09-04. No affiliate code.,Colour coding is a visual control. One colour per job stops the bathroom cloth reaching the kitchen counter without anybody having to remember a rule.
1 Universal Kit,MPL-00098,Visual Controls & Safety,Humidity control monitor,Moisture Absorber or Humidity Monitor,Detect and reduce moisture risk in enclosed storage,Safety; Sustain,Bathroom; Closet; Garage; Patio or Deck,Recommended,1,each,10,35,Install and use according to product instructions,109,target,,https://www.target.com/s?searchTerm=moisture+absorber+damp,,2026-09-04,Verified search,Retailer search for the product type. 4 of the first 24 results matched moisture/damprid/dehumidifier when rendered 2026-09-04. No affiliate code.,"Damp is the root cause that turns a storage problem into a ruined one, and it is invisible until it is not. Enclosed zones get it measured rather than guessed."
2 Core,MPL-00016,Safety,Safety Glasses,Impact-rated safety glasses,Protect eyes during garage and workshop resets,Safety,Garage; Workshop; Patio or Deck,Core,1,pair,8,25,Use rated protection appropriate to task,33,homedepot,,https://www.homedepot.com/s/safety%20glasses,,2026-09-04,Verified search,Retailer search for the product type. 12 of the first 12 results matched safety-glass/eye-protection when rendered 2026-09-04. No affiliate code.,Unsafe placement in a garage reset is mostly overhead and mostly dust. Eye protection is the cheapest condition on doing the work at all.
2 Core,MPL-00003,Cleaning Supplies,Bathroom Cleaner,Bathroom grime and soap-film cleaner,"Clean tubs, showers, sinks, and tile",Shine,Primary Bathroom; Guest Bathroom,Core,1,bottle,6,15,Never mix cleaners; verify stone compatibility,13,target,,https://www.target.com/s?searchTerm=bathroom+cleaner+soap+scum,,2026-09-04,Verified search,Retailer search for the product type. 18 of the first 24 results matched bathroom/scum/shower/tub when rendered 2026-09-04. No affiliate code.,"Soap film is difficult cleaning made routine: it rebuilds weekly, so the standard fails unless the right product is already in the zone."
2 Core,MPL-00004,Cleaning Supplies,Kitchen Degreaser,Food-area degreaser,Remove grease from cooking and prep zones,Shine,Kitchen; Patio or Deck,Core,1,bottle,6,18,Rinse food-contact surfaces,9,target,,https://www.target.com/s?searchTerm=kitchen+degreaser,,2026-09-04,Verified search,Retailer search for the product type. 3 of the first 24 results matched degreaser/grease when rendered 2026-09-04. No affiliate code.,"Grease is what makes a kitchen surface hard to clean, and hard to clean is what makes a standard slip. The neutral cleaner will not shift it."
2 Core,MPL-00002,Cleaning Supplies,Glass Cleaner,Streak-free glass and mirror cleaner,"Clean glass, mirrors, and polished surfaces",Shine; Sustain,All,Core,1,bottle,5,12,Do not spray electronics directly,7,target,,https://www.target.com/s?searchTerm=glass+cleaner,,2026-09-04,Verified search,Retailer search for the product type. 20 of the first 24 results matched glass when rendered 2026-09-04. No affiliate code.,"A mirror or a glass door shows its own standard. It is the one surface where the result is visible from across the room, so it carries the whole zone's appearance."
2 Core,MPL-00115,Safety,Fire Safety,Self-closing oily rag can,"Contain oil, stain, and solvent rags in a lidded metal can that shuts on its own weight",Safety; Sustain,Workshop; Garage,Core,1,each,30,90,Oil-finish rags generate their own heat as they cure and can ignite with nothing touching them; the lid must fall shut on its own weight,3,,,,,2026-09-04,Too weak to publish,"homedepot search ""oily waste can"" returned 1 matching results of 12. Not published.","Oil-finish rags heat themselves as they cure and can ignite with nothing touching them. This is unsafe placement with a fire at the end of it, and the lid has to fall shut on its own weight."
2 Core,MPL-00118,Storage & Organization,Threshold Control,Scraper and absorbent entry mat set,"Stop grit and water at the threshold in two stages, one mat outside to scrape and one inside to soak",Shine; Safety; Sustain,Mudroom; Entryway,Core,1,set,25,70,"Lay flat with no curled edge, which is a trip hazard at a doorway; shake the outside mat and dry the inside one on the same day",3,homedepot,,https://www.homedepot.com/s/entry%20door%20mat,,2026-09-04,Verified search,Retailer search for the product type. 10 of the first 12 results matched mat when rendered 2026-09-04. No affiliate code.,"Grit at a threshold is wrong location: it is outdoor material that got in. Two mats stop it in two stages, scrape then soak, so the floor inside never has to be the filter."
2 Core,MPL-00104,Cleaning Supplies,Lubricant,Light machine oil,Protect bare steel and free moving parts on hand tools and a vise,Shine; Sustain,Garage; Workshop,Core,1,bottle,4,12,"Keep off skin and away from heat; dispose of oiled rags in a closed metal can, never balled in an open bin",3,homedepot,,https://www.homedepot.com/s/multi%20purpose%20machine%20oil,,2026-09-04,Verified search,Retailer search for the product type. 6 of the first 12 results matched oil when rendered 2026-09-04. No affiliate code.,"Bare steel and a stiff hinge are the same root cause, an unmaintained surface. A few drops at the end of a reset is what makes the next one shorter."
2 Core,MPL-00111,Safety,Access Equipment,Stable step ladder,Reach overhead storage safely with both hands free to carry down,Safety; Shine,Garage; Workshop,Core,1,each,40,120,"Open fully and set level; never work from a ladder rocking on a sloped slab, and never carry a bin down without a hand for the stile",2,homedepot,,https://www.homedepot.com/s/step%20ladder,,2026-09-04,Verified search,Retailer search for the product type. 11 of the first 11 results matched ladder when rendered 2026-09-04. No affiliate code.,Poor accessibility overhead is why the top shelf becomes a place things go to be forgotten. Stable access with both hands free is what makes high storage usable rather than nominal.
2 Core,MPL-00109,Cleaning Tools,Broom,Push broom,Sweep a slab or hard floor in a single pass to hold a degreased surface,Shine; Sustain,Garage; Workshop; Patio or Deck,Core,1,each,15,40,Hang head-up on a rail; bristles resting on concrete splay and re-soil the floor they touch,2,homedepot,,https://www.homedepot.com/s/push%20broom,,2026-09-04,Verified search,Retailer search for the product type. 12 of the first 12 results matched broom when rendered 2026-09-04. No affiliate code.,A slab holds its standard only if clearing it is one pass. Anything that takes a dustpan and three trips will not be done weekly.
2 Core,MPL-00108,Cleaning Tools,Scraping Tool,Wire brush and scraper set,Scrape caked soil and rust off blades and concrete before cleaning,Shine,Garage; Workshop,Core,1,set,8,22,Wear eye protection; flying rust and grit is the reason this is a safety-glasses job,2,homedepot,,https://www.homedepot.com/s/wire%20brush,,2026-09-04,Verified search,Retailer search for the product type. 12 of the first 12 results matched wire-brush/brush when rendered 2026-09-04. No affiliate code.,"Caked soil and rust are why a tool stops working, not why it looks bad. Scraping comes before any cleaner, or the cleaner just floats on top of the problem."
2 Core,MPL-00101,Cleaning Supplies,Electronics Cleaner,Screen-safe electronics cleaner,"Clean screens, scanner glass, and device surfaces without damaging coatings",Shine; Sustain,Home Office; Living Room; Family Room,Core,1,bottle,5,14,"Spray onto the cloth, never onto the screen or into a vent; power the device down and let it cool first",2,target,,https://www.target.com/s?searchTerm=screen+cleaner+electronics,,2026-09-04,Verified search,Retailer search for the product type. 4 of the first 24 results matched screen/electronic when rendered 2026-09-04. No affiliate code.,A screen is the one surface in an office zone that a general cleaner damages. Without a safe option the honest instruction is to leave it dirty.
2 Core,MPL-00102,Storage & Organization,Document Protection,Fireproof Document Box,"Hold permanent original documents in a closed, fire-resistant container",Straighten; Safety; Standardize,Home Office,Core,1,each,35,120,Store at floor level and clear of heaters; keep water off the lid seal,1,homedepot,,https://www.homedepot.com/s/fireproof%20document%20safe,,2026-09-04,Verified search,Retailer search for the product type. 12 of the first 12 results matched fireproof/safe when rendered 2026-09-04. No affiliate code.,"Permanent originals have no assigned home in most houses, so they live in a drawer that a fire or a flood ends. One closed container is the whole standard."
2 Core,MPL-00116,Safety,Fire Safety,Fire extinguisher with gauge,"Put out a small fire at the point it starts, mounted where it can be reached",Safety; Sustain,Workshop; Garage; Kitchen,Core,1,each,30,80,Mount on a bracket with clear floor in front of it; check the gauge sits in the green and write the inspection date on the bracket,1,homedepot,,https://www.homedepot.com/s/fire%20extinguisher,,2026-09-04,Verified search,Retailer search for the product type. 11 of the first 12 results matched extinguisher when rendered 2026-09-04. No affiliate code.,"Unsafe placement, in its most literal form. A workshop fire is small for about ninety seconds, and only if the extinguisher is on the wall you can reach from the door."
2 Core,MPL-00117,Safety,First Aid,Stocked first aid kit,"Treat the cuts, splinters, and burns a working room actually produces",Safety; Sustain,Workshop; Garage; Kitchen,Core,1,each,20,60,"Keep burn dressings in it, not just plasters; date the lid and re-check when the extinguisher is checked",1,target,,https://www.target.com/s?searchTerm=first+aid+kit,,2026-09-04,Verified search,Retailer search for the product type. 12 of the first 24 results matched first-aid when rendered 2026-09-04. No affiliate code.,"A working room produces cuts, splinters and burns as a matter of course. Treating them at the bench is the difference between a pause and an abandoned reset."
2 Core,MPL-00100,Cleaning Tools,Duct Brush,Dryer duct cleaning brush,Clear packed lint from a dryer duct and the screen housing,Shine; Safety; Sustain,Laundry Room,Core,1,each,12,35,"Unplug the dryer before clearing the duct; clearing and inspection only, not appliance repair",1,homedepot,,https://www.homedepot.com/s/dryer%20vent%20cleaning%20brush,,2026-09-04,Verified search,Retailer search for the product type. 11 of the first 12 results matched dryer/vent/lint when rendered 2026-09-04. No affiliate code.,"Packed lint is a capacity problem with a fire at the end of it. The screen is not the duct, and the duct is the part nobody has ever cleaned."
2 Core,MPL-00105,Cleaning Supplies,Heavy-Duty Degreaser,Concrete degreaser,Lift oil and fluid staining out of a garage or workshop slab,Shine,Garage; Workshop,Core,1,bottle,8,25,Ventilate while working; keep off skin and eyes; never flush residue to a storm drain,1,homedepot,,https://www.homedepot.com/s/concrete%20degreaser,,2026-09-04,Verified search,Retailer search for the product type. 12 of the first 12 results matched degreaser/concrete/cleaner when rendered 2026-09-04. No affiliate code.,Oil in a slab is why a garage floor cannot be swept to a standard. Lift the staining once and sweeping starts to work.
2 Core,MPL-00113,Cleaning Supplies,Specialist Cleaner,Resin and pitch remover,Take baked pitch and resin off saw blades and cutters so they cut clean,Shine,Workshop; Garage,Core,1,bottle,8,20,Unplug the tool and remove the blade first; wear gloves and eye protection; ventilate,1,,,,,2026-09-04,Too weak to publish,"homedepot search ""saw blade cleaner"" returned 2 matching results of 12. Not published.","A blade that has stopped cutting is usually not blunt, it is coated. This is the cleaning step that people replace tools instead of doing."
2 Core,MPL-00106,Cleaning Supplies,Absorbent,Oil-absorbent granules,Draw fresh oil and fluid spots up out of concrete before sweeping off,Shine; Safety,Garage; Workshop,Core,1,bag,6,20,"Sweep up and dispose of used granules as contaminated waste, never to a drain",1,homedepot,,https://www.homedepot.com/s/oil%20absorbent,,2026-09-04,Verified search,Retailer search for the product type. 10 of the first 12 results matched absorbent/oil-dri/spill when rendered 2026-09-04. No affiliate code.,A fresh spot on concrete is a five minute job and a two year stain otherwise. Absorbent granules make the fast option the available one.
2 Core,MPL-00099,Cleaning Supplies,Appliance Cleaner,Washer drum cleaning tablet,Clear biofilm and odour from a washing machine drum on a hot empty cycle,Shine; Sustain,Laundry Room,Core,1,pack,6,18,Run on an empty drum only; never combine with other cleaning products in the same cycle,1,target,,https://www.target.com/s?searchTerm=washing+machine+cleaner+tablets,,2026-09-04,Verified search,Retailer search for the product type. 7 of the first 24 results matched washing-machine/affresh when rendered 2026-09-04. No affiliate code.,"A drum that smells is biofilm, not dirty laundry. It is the replenishment signal nobody set: it comes back on a schedule, so the cleaner belongs in the zone."
2 Core,MPL-00114,Cleaning Supplies,Solvent,Mineral spirits or brush cleaner,Clean brushes and finishing tools through to the ferrule,Shine,Workshop,Core,1,bottle,6,18,"Flammable: store in the metal cabinet away from any pilot or heater, ventilate while using, and dispose of via household hazardous waste, never a drain",1,homedepot,,https://www.homedepot.com/s/mineral%20spirits,,2026-09-04,Verified search,Retailer search for the product type. 7 of the first 12 results matched mineral-spirits/spirits/solvent when rendered 2026-09-04. No affiliate code.,A brush cleaned to the ferrule lasts years; one cleaned at the tip is ruined at the third use. This is the difference between the two.
2 Core,MPL-00112,Cleaning Tools,Scraping Tool,Plastic scraper set,Lift dried glue and finish off a bench top without marking the surface,Shine,Workshop; Garage,Core,1,set,5,15,Plastic rather than steel so the bench top is not gouged; work flat to the surface,1,homedepot,,https://www.homedepot.com/s/plastic%20scraper,,2026-09-04,Verified search,Retailer search for the product type. 7 of the first 11 results matched scraper when rendered 2026-09-04. No affiliate code.,Dried glue on a bench is difficult cleaning that a metal blade turns into damage. Plastic lifts the residue and leaves the surface.
2 Core,MPL-00119,Cleaning Tools,Scrubbing Tool,Stiff scrubbing brush,"Scrub caked mud and salt out of a boot tray, a bin, or an outdoor surface",Shine,Mudroom; Garage; Patio or Deck,Core,1,each,5,15,Work outdoors where the run-off goes to ground rather than into a household drain,1,homedepot,,https://www.homedepot.com/s/scrub%20brush,,2026-09-04,Verified search,Retailer search for the product type. 10 of the first 11 results matched scrub when rendered 2026-09-04. No affiliate code.,A boot tray or a bin that is never scrubbed becomes the reason the zone is avoided. Stiff bristles are what make caked mud a one minute job.
2 Core,MPL-00124,Cleaning Tools,Rinsing Tool,Garden hose,"Float loose grit off outdoor furniture, decking, and pots before any cleaner is applied",Shine,Patio or Deck; Garage,Core,1,each,20,60,Drain and disconnect before the first frost. Never run a hose across the walking route between the door and the steps.,0,homedepot,,https://www.homedepot.com/s/garden%20hose,,2026-09-04,Verified search,Retailer search for the product type. 12 of the first 12 results matched hose when rendered 2026-09-04. No affiliate code.,"Outdoor grit is abrasive, so any cleaner applied over it grinds. Floating the loose material off first is the step that protects the surface."
2 Core,MPL-00122,Cleaning Tools,Scrubbing Tool,Long-handled deck scrub brush,Scrub decking boards and stair treads from standing height,Shine,Patio or Deck,Core,1,each,12,35,"Stiff enough for algae film, soft enough not to raise the grain on softwood. Work with the grain of the boards.",0,homedepot,,https://www.homedepot.com/s/deck%20scrub%20brush%20long%20handle,,2026-09-04,Verified search,Retailer search for the product type. 11 of the first 11 results matched scrub/deck when rendered 2026-09-04. No affiliate code.,Anything that has to be done on your knees does not get done twice. Standing height is what turns a deck wash into a routine.
2 Core,MPL-00121,Cleaning Tools,Scraping Tool,Grill grate scraper or coiled brush,Scrape carbonised residue off cooking grates without shedding bristles,Shine; Safety,Patio or Deck,Core,1,each,8,25,"Bristle-free by design. A wire brush that sheds a bristle onto a grate can put it into food, which is why this type replaces one rather than supplementing it. Retire any brush whose bristles pull free by hand.",0,homedepot,,https://www.homedepot.com/s/grill%20brush%20scraper,,2026-09-04,Verified search,Retailer search for the product type. 12 of the first 12 results matched grill when rendered 2026-09-04. No affiliate code.,"Carbonised residue is the food-contact surface's real condition. A scraper or coil does it without leaving wire bristles behind, which is a genuine hazard and the reason the type is specified."
2 Core,MPL-00123,Cleaning Supplies,Fabric Cleaner,Fabric-safe outdoor cushion cleaner,Clean outdoor cushion and canopy fabric without stripping its water resistance,Shine,Patio or Deck,Core,1,bottle,8,20,Never mix with any other cleaner. Test on a hidden seam first. Cushions must dry all the way through before they go back under a lid.,0,homedepot,,https://www.homedepot.com/s/outdoor%20fabric%20cushion%20cleaner,,2026-09-04,Verified search,Retailer search for the product type. 3 of the first 12 results matched fabric/cushion/upholstery when rendered 2026-09-04. No affiliate code.,"Outdoor fabric is water resistant until the wrong cleaner strips it, and then the cushion is finished. The compatibility is the whole recommendation."
3 Room,MPL-00093,Visual Controls & Safety,Shelf and bin location label set,Shelf Location Label Set,Standardize location naming,Standardize; Sustain,All,Recommended,1,pack,8,20,Install and use according to product instructions,49,target,,https://www.target.com/s?searchTerm=shelf+labels+adhesive,,2026-09-04,Verified search,Retailer search for the product type. 16 of the first 24 results matched label when rendered 2026-09-04. No affiliate code.,Unclear ownership of a shelf is what makes a system decay into wherever-it-fits. Naming locations makes the right place findable without asking anybody.
3 Room,MPL-00014,Visual Controls,Permanent Labels,Water-resistant permanent labels,Mark stable standards and long-term storage,Standardize; Sustain,All,Recommended,1,pack,8,25,Avoid irreplaceable surfaces,34,target,,https://www.target.com/s?searchTerm=waterproof+labels,,2026-09-04,Verified search,Retailer search for the product type. 23 of the first 24 results matched label when rendered 2026-09-04. No affiliate code.,A label that peels in a damp or cold zone takes the standard with it. Permanent stock is for the standards you have already settled.
3 Room,MPL-00017,Safety,Step Stool,Stable household step stool,Provide safer elevated access,Safety,All,Recommended,1,each,25,70,Use on level surfaces only,31,target,,https://www.target.com/s?searchTerm=step+stool,,2026-09-04,Verified search,Retailer search for the product type. 24 of the first 24 results matched step-stool/stool when rendered 2026-09-04. No affiliate code.,Poor accessibility is why the top of a cupboard fills with things nobody has looked at in years. Safe reach turns dead capacity back into storage.
3 Room,MPL-00096,Visual Controls & Safety,Protected multi-outlet power strip,Surge Protector with Overload Protection,Control device charging and electronics,Safety; Straighten,Office; Living Room; Family Room; Bedroom; Workshop,Recommended,1,each,20,50,Install and use according to product instructions,30,target,,https://www.target.com/s?searchTerm=surge+protector+power+strip,,2026-09-04,Verified search,Retailer search for the product type. 17 of the first 24 results matched surge when rendered 2026-09-04. No affiliate code.,"Charging without one home means cords on every surface, and a daisy chain of unprotected strips underneath. One protected outlet fixes both the mess and the hazard."
3 Room,MPL-00005,Cleaning Supplies,Floor Cleaner,Floor-material-compatible cleaner,Clean sealed hard floors,Shine; Sustain,All,Recommended,1,bottle,10,25,Match cleaner to floor material,23,target,,https://www.target.com/s?searchTerm=hardwood+floor+cleaner,,2026-09-04,Verified search,Retailer search for the product type. 18 of the first 24 results matched floor when rendered 2026-09-04. No affiliate code.,"The wrong floor product is difficult cleaning you created: it hazes, or it strips a finish, and then the floor never looks clean again."
3 Room,MPL-00070,Storage & Organization,Micro Zone Organizer,Towel Shelf Basket,Contain towels and linen sets,Straighten; Standardize; Sustain,All,Recommended,3,each,10,30,Do not overload; anchor wall-mounted or tall systems where required,20,target,,https://www.target.com/s?searchTerm=bathroom+towel+storage+basket,,2026-09-04,Verified search,Retailer search for the product type. 13 of the first 24 results matched basket when rendered 2026-09-04. No affiliate code.,"A stack with no boundary slumps, and a slumped stack is refolded or ignored. A container is what holds the standard between uses."
3 Room,MPL-00061,Storage & Organization,Micro Zone Organizer,Front-Facing Book Bin,Display children's books for easy access,Straighten; Standardize; Sustain,All,Recommended,2,each,15,40,Do not overload; anchor wall-mounted or tall systems where required,20,target,,https://www.target.com/s?searchTerm=front+facing+bookshelf,,2026-09-04,Verified search,Retailer search for the product type. 9 of the first 24 results matched book when rendered 2026-09-04. No affiliate code.,Poor visibility is why children's books are never chosen. Spines mean nothing to a pre-reader; a cover facing out is the whole difference.
3 Room,MPL-00060,Storage & Organization,Micro Zone Organizer,Toy Bin with Picture Label,Support independent child cleanup,Straighten; Standardize; Sustain,All,Recommended,4,each,8,25,Do not overload; anchor wall-mounted or tall systems where required,19,target,,https://www.target.com/s?searchTerm=toy+storage+bin,,2026-09-04,Verified search,Retailer search for the product type. 15 of the first 24 results matched toy/bin when rendered 2026-09-04. No affiliate code.,"Independence is the desired function here. A picture label lets a child put a thing away without an adult, which is what makes tidying survive the week."
3 Room,MPL-00042,Storage & Organization,Micro Zone Organizer,Shoe Rack,Contain active footwear and preserve floor paths,Straighten; Standardize; Sustain,All,Recommended,1,each,25,80,Do not overload; anchor wall-mounted or tall systems where required,18,target,,https://www.target.com/s?searchTerm=shoe+rack,,2026-09-04,Verified search,Retailer search for the product type. 23 of the first 24 results matched shoe when rendered 2026-09-04. No affiliate code.,Shoes on the floor are the classic no assigned home. Off the path is the outcome; the rack is only the means.
3 Room,MPL-00020,Storage & Organization,Micro Zone Organizer,Small Clear Lidded Bin,Contain small loose items with visibility,Straighten; Standardize; Sustain,All,Recommended,4,each,4,12,Do not overload; anchor wall-mounted or tall systems where required,18,target,,https://www.target.com/s?searchTerm=small+clear+storage+bin+with+lid,,2026-09-04,Verified search,Retailer search for the product type. 23 of the first 24 results matched clear/storage/bin when rendered 2026-09-04. No affiliate code.,"Small loose items are lost to poor visibility, not to lack of space. Clear sides mean the contents are the label."
3 Room,MPL-00027,Storage & Organization,Micro Zone Organizer,Drawer Divider Set,Create visible subcategories in shallow drawers,Straighten; Standardize; Sustain,All,Recommended,1,set,10,35,Do not overload; anchor wall-mounted or tall systems where required,17,target,,https://www.target.com/s?searchTerm=drawer+organizer+dividers,,2026-09-04,Verified search,Retailer search for the product type. 20 of the first 24 results matched drawer/divider when rendered 2026-09-04. No affiliate code.,"A shallow drawer with no divisions has one category, and that category is everything. Dividers create the subcategories a drawer cannot show on its own."
3 Room,MPL-00090,Visual Controls & Safety,Minimum and maximum quantity label set,Min-Max Inventory Label,Control replenishment and backstock,Standardize; Sustain,All,Recommended,1,pack,6,18,Install and use according to product instructions,17,target,,https://www.target.com/s?searchTerm=removable+inventory+labels,,2026-09-04,Verified search,Retailer search for the product type. 21 of the first 24 results matched label when rendered 2026-09-04. No affiliate code.,A missing replenishment signal is why you run out of the thing you buy most. A minimum and maximum written on the shelf makes the reorder point visible instead of remembered.
3 Room,MPL-00055,Storage & Organization,Micro Zone Organizer,Charging Dock,Create one controlled device charging home,Straighten; Standardize; Sustain,All,Recommended,1,each,20,70,Do not overload; anchor wall-mounted or tall systems where required,16,target,,https://www.target.com/s?searchTerm=charging+station+multiple+devices,,2026-09-04,Verified search,Retailer search for the product type. 17 of the first 24 results matched charging/charger/dock when rendered 2026-09-04. No affiliate code.,"Devices with no assigned home charge wherever the cable is, which is every flat surface in the house. One controlled home ends the search and the clutter together."
3 Room,MPL-00092,Visual Controls & Safety,Removable floor marking tape,Floor Boundary Tape,Define no-storage and equipment boundaries,Standardize; Safety,Garage; Workshop; Laundry; Mudroom,Recommended,1,roll,8,20,Install and use according to product instructions,16,homedepot,,https://www.homedepot.com/s/floor%20marking%20tape,,2026-09-04,Verified search,Retailer search for the product type. 12 of the first 12 results matched tape when rendered 2026-09-04. No affiliate code.,"A boundary that exists only in somebody's head is not a standard. Marked floor makes no-storage zones and equipment footprints obvious to everyone, including a visitor."
3 Room,MPL-00062,Storage & Organization,Micro Zone Organizer,Laundry Hamper Sorter,Separate laundry by household method,Straighten; Standardize; Sustain,All,Recommended,1,each,30,90,Do not overload; anchor wall-mounted or tall systems where required,15,target,,https://www.target.com/s?searchTerm=laundry+sorter+hamper,,2026-09-04,Verified search,Retailer search for the product type. 21 of the first 24 results matched laundry/hamper/sorter when rendered 2026-09-04. No affiliate code.,"Sorting at the machine is a step done every wash; sorting at the hamper is a step done once, by whoever undressed. The container decides which."
3 Room,MPL-00021,Storage & Organization,Micro Zone Organizer,Medium Clear Lidded Bin,Contain medium items on shelves or in closets,Straighten; Standardize; Sustain,All,Recommended,4,each,8,20,Do not overload; anchor wall-mounted or tall systems where required,15,target,,https://www.target.com/s?searchTerm=clear+storage+box+with+lid,,2026-09-04,Verified search,Retailer search for the product type. 23 of the first 24 results matched clear/storage/box when rendered 2026-09-04. No affiliate code.,Shelf and closet items disappear into opaque containers. Clear sides are what stop a labelled box being opened to check.
3 Room,MPL-00063,Storage & Organization,Micro Zone Organizer,Folding Laundry Basket,Move clean laundry back to rooms,Straighten; Standardize; Sustain,All,Recommended,3,each,10,25,Do not overload; anchor wall-mounted or tall systems where required,15,target,,https://www.target.com/s?searchTerm=collapsible+laundry+basket,,2026-09-04,Verified search,Retailer search for the product type. 19 of the first 24 results matched laundry/basket when rendered 2026-09-04. No affiliate code.,Clean laundry stalls between the dryer and the bedroom. Something that carries a load and then folds away removes the reason it is left in the hall.
3 Room,MPL-00069,Storage & Organization,Micro Zone Organizer,Lockable Medicine Box,Secure prescriptions or high-risk products,Straighten; Standardize; Sustain,All,Recommended,1,each,20,60,Do not overload; anchor wall-mounted or tall systems where required,15,target,,https://www.target.com/s?searchTerm=medicine+lock+box,,2026-09-04,Verified search,Retailer search for the product type. 7 of the first 24 results matched lock when rendered 2026-09-04. No affiliate code.,"Medicines in an unlocked cabinet are unsafe placement, not untidy storage. Locking them is the intervention; organising them is not."
3 Room,MPL-00038,Storage & Organization,Micro Zone Organizer,Over-Door Hook Rack,Add reversible vertical storage,Straighten; Standardize; Sustain,All,Recommended,1,each,10,30,Do not overload; anchor wall-mounted or tall systems where required,15,target,,https://www.target.com/s?searchTerm=over+the+door+hook+rack,,2026-09-04,Verified search,Retailer search for the product type. 23 of the first 24 results matched door/hook when rendered 2026-09-04. No affiliate code.,Inadequate capacity in a rented or shared room. A door is unused vertical space and this borrows it without a fixing.
3 Room,MPL-00056,Storage & Organization,Micro Zone Organizer,Remote Control Tray,Create one visible home for controls,Straighten; Standardize; Sustain,All,Recommended,1,each,8,25,Do not overload; anchor wall-mounted or tall systems where required,15,target,,https://www.target.com/s?searchTerm=small+decorative+tray,,2026-09-04,Verified search,Retailer search for the product type. 21 of the first 24 results matched tray when rendered 2026-09-04. No affiliate code.,Remotes are searched for daily because they have no home. One visible tray makes the standard state obvious at a glance from the sofa.
3 Room,MPL-00097,Visual Controls & Safety,Reusable cord identification labels,Cord Label Set,Identify chargers and device cables,Standardize; Sustain,Office; Living Room; Family Room; Bedroom; Workshop,Recommended,1,pack,6,18,Install and use according to product instructions,15,target,,https://www.target.com/s?searchTerm=cable+labels,,2026-09-04,Verified search,Retailer search for the product type. 7 of the first 24 results matched label when rendered 2026-09-04. No affiliate code.,Unclear ownership of a cable is why nobody unplugs anything. Identifying the ends is what makes a cord nest safe to touch.
3 Room,MPL-00025,Storage & Organization,Micro Zone Organizer,Woven Basket Small,Contain soft or decorative daily-use items,Straighten; Standardize; Sustain,All,Recommended,2,each,10,30,Do not overload; anchor wall-mounted or tall systems where required,14,target,,https://www.target.com/s?searchTerm=small+woven+storage+basket,,2026-09-04,Verified search,Retailer search for the product type. 10 of the first 24 results matched basket when rendered 2026-09-04. No affiliate code.,"Soft daily-use items need a boundary, not a lid. Open weave keeps the one-motion access that makes a container get used."
3 Room,MPL-00007,Cleaning Tools,Detail Brush,Small detail brush set,"Clean seams, tracks, corners, and hardware",Shine,All,Recommended,1,set,8,20,Use surface-safe bristles,14,target,,https://www.target.com/s?searchTerm=detail+cleaning+brush+set,,2026-09-04,Verified search,Retailer search for the product type. 20 of the first 24 results matched brush when rendered 2026-09-04. No affiliate code.,"Seams, tracks and hardware are where a zone actually fails inspection. A cloth cannot get into any of them."
3 Room,MPL-00074,Storage & Organization,Micro Zone Organizer,Controller Dock,Charge and contain game controllers,Straighten; Standardize; Sustain,All,Recommended,1,each,20,60,Do not overload; anchor wall-mounted or tall systems where required,13,target,,https://www.target.com/s?searchTerm=controller+charging+station,,2026-09-04,Verified search,Retailer search for the product type. 20 of the first 24 results matched charging/charger/dock when rendered 2026-09-04. No affiliate code.,Controllers live on the floor because charging and storing are two different places. Combining them removes the choice.
3 Room,MPL-00054,Storage & Organization,Micro Zone Organizer,Cable Management Kit,Secure and label device cords,Straighten; Standardize; Sustain,All,Recommended,1,kit,10,35,Do not overload; anchor wall-mounted or tall systems where required,13,target,,https://www.target.com/s?searchTerm=cable+management+kit,,2026-09-04,Verified search,Retailer search for the product type. 21 of the first 24 results matched cable/cord when rendered 2026-09-04. No affiliate code.,"A cord nest is difficult cleaning, poor visibility and a trip hazard at once. Securing the run is what makes the surface under it cleanable."
3 Room,MPL-00036,Storage & Organization,Micro Zone Organizer,Matching Hanger Set,Standardize hanging storage and reduce visual noise,Straighten; Standardize; Sustain,All,Recommended,30,hangers,20,50,Do not overload; anchor wall-mounted or tall systems where required,12,target,,https://www.target.com/s?searchTerm=matching+hangers+set,,2026-09-04,Verified search,Retailer search for the product type. 21 of the first 24 results matched hanger when rendered 2026-09-04. No affiliate code.,"Mixed hangers make a rail look chaotic even when it is not, and they waste depth. One type is a visual control that costs nothing to maintain."
3 Room,MPL-00086,Storage & Organization,Micro Zone Organizer,Hose Reel,Control garden hose and protect walkways,Straighten; Standardize; Sustain,All,Recommended,1,each,30,100,Do not overload; anchor wall-mounted or tall systems where required,12,homedepot,,https://www.homedepot.com/s/hose%20reel,,2026-09-04,Verified search,Retailer search for the product type. 12 of the first 12 results matched hose/reel when rendered 2026-09-04. No affiliate code.,A coiled hose on a path is a trip hazard and the reason the hose is never fully put away. The reel makes putting it away the fast option.
3 Room,MPL-00059,Storage & Organization,Micro Zone Organizer,Portable Project Tray,Contain one active project and its parts,Straighten; Standardize; Sustain,All,Recommended,2,each,10,30,Do not overload; anchor wall-mounted or tall systems where required,12,target,,https://www.target.com/s?searchTerm=craft+storage+tray+organizer,,2026-09-04,Verified search,Retailer search for the product type. 15 of the first 24 results matched tray/caddy/organizer when rendered 2026-09-04. No affiliate code.,An active project spread across a table blocks the table's real function. Containing it lets the project pause without being packed away.
3 Room,MPL-00057,Storage & Organization,Micro Zone Organizer,Jewelry and Valet Tray,Contain small personal items,Straighten; Standardize; Sustain,All,Recommended,1,each,10,40,Do not overload; anchor wall-mounted or tall systems where required,12,target,,https://www.target.com/s?searchTerm=jewelry+valet+tray,,2026-09-04,Verified search,Retailer search for the product type. 19 of the first 24 results matched jewelry/valet/tray when rendered 2026-09-04. No affiliate code.,Pocket contents land wherever the person lands. A defined tray is a single home for the small things that otherwise go missing.
3 Room,MPL-00091,Visual Controls & Safety,First-in-first-out date marker,FIFO Date Marker,Make rotation sequence visible,Standardize; Sustain,Kitchen; Pantry; Bathroom; Laundry,Recommended,1,kit,6,18,Install and use according to product instructions,12,target,,https://www.target.com/s?searchTerm=removable+labels,,2026-09-04,Verified search,Retailer search for the product type. 24 of the first 24 results matched label when rendered 2026-09-04. No affiliate code.,"Without a visible date, rotation is guesswork and the oldest item is always the one at the back. A date marker makes sequence visible."
3 Room,MPL-00075,Storage & Organization,Micro Zone Organizer,Board Game Component Bags,Keep game pieces complete,Straighten; Standardize; Sustain,All,Recommended,1,pack,8,20,Do not overload; anchor wall-mounted or tall systems where required,11,target,,https://www.target.com/s?searchTerm=reclosable+storage+bags,,2026-09-04,Verified search,Retailer search for the product type. 24 of the first 24 results matched bag when rendered 2026-09-04. No affiliate code.,A board game is only complete until one piece is loose in the box. Bagging components is what keeps the game playable years later.
3 Room,MPL-00050,Storage & Organization,Micro Zone Organizer,Airtight Food Container Set,Protect dry goods and improve inventory visibility,Straighten; Standardize; Sustain,All,Recommended,1,set,30,100,Do not overload; anchor wall-mounted or tall systems where required,10,target,,https://www.target.com/s?searchTerm=airtight+food+storage+containers,,2026-09-04,Verified search,Retailer search for the product type. 23 of the first 24 results matched container/canister/airtight when rendered 2026-09-04. No affiliate code.,"Half-open packets are both a spoilage problem and a visibility one. Uniform containers show the level, which is also the reorder signal."
3 Room,MPL-00066,Storage & Organization,Micro Zone Organizer,Leak Tray,Protect cabinets and expose plumbing leaks,Straighten; Standardize; Sustain,All,Recommended,1,each,12,35,Do not overload; anchor wall-mounted or tall systems where required,10,homedepot,,https://www.homedepot.com/s/under%20sink%20drip%20tray,,2026-09-04,Verified search,Retailer search for the product type. 11 of the first 12 results matched tray/liner/pan when rendered 2026-09-04. No affiliate code.,A slow leak under a sink is invisible until the cabinet floor is ruined. A tray both protects the base and makes the leak show early.
3 Room,MPL-00068,Storage & Organization,Micro Zone Organizer,Medicine Bin Set,Group medicines by purpose and user,Straighten; Standardize; Sustain,All,Recommended,1,set,12,35,Do not overload; anchor wall-mounted or tall systems where required,10,target,,https://www.target.com/s?searchTerm=medicine+cabinet+organizer+bins,,2026-09-04,Verified search,Retailer search for the product type. 18 of the first 24 results matched organizer/bin when rendered 2026-09-04. No affiliate code.,Medicines grouped by nothing get taken by the wrong person or bought twice. Grouping by purpose and by user is the safety control here.
3 Room,MPL-00022,Storage & Organization,Micro Zone Organizer,Large Clear Latching Bin,"Contain seasonal, garage, and bulk items",Straighten; Standardize; Sustain,All,Recommended,2,each,15,40,Do not overload; anchor wall-mounted or tall systems where required,9,target,,https://www.target.com/s?searchTerm=latching+storage+tote,,2026-09-04,Verified search,Retailer search for the product type. 24 of the first 24 results matched tote/latch/storage when rendered 2026-09-04. No affiliate code.,Seasonal and bulk items need capacity that stacks and stays shut. A lid that latches is what makes vertical stacking safe.
3 Room,MPL-00033,Storage & Organization,Micro Zone Organizer,Shelf Divider,Separate vertical stacks and shelf categories,Straighten; Standardize; Sustain,All,Recommended,4,each,6,18,Do not overload; anchor wall-mounted or tall systems where required,9,target,,https://www.target.com/s?searchTerm=shelf+dividers,,2026-09-04,Verified search,Retailer search for the product type. 8 of the first 24 results matched divider when rendered 2026-09-04. No affiliate code.,A tall stack collapses into its neighbour and the category is lost. Dividers hold the boundary a shelf cannot hold by itself.
3 Room,MPL-00026,Storage & Organization,Micro Zone Organizer,Woven Basket Large,"Contain blankets, toys, or bulky soft items",Straighten; Standardize; Sustain,All,Recommended,1,each,20,50,Do not overload; anchor wall-mounted or tall systems where required,9,target,,https://www.target.com/s?searchTerm=large+woven+storage+basket,,2026-09-04,Verified search,Retailer search for the product type. 20 of the first 24 results matched basket when rendered 2026-09-04. No affiliate code.,"Blankets and bulky soft items have no natural shape, so they take whatever shape the room allows. A large open container gives them one."
3 Room,MPL-00085,Storage & Organization,Micro Zone Organizer,Garden Tool Caddy,Contain small garden tools and supplies,Straighten; Standardize; Sustain,All,Recommended,1,each,15,45,Do not overload; anchor wall-mounted or tall systems where required,9,homedepot,,https://www.homedepot.com/s/garden%20tool%20bag,,2026-09-04,Verified search,Retailer search for the product type. 11 of the first 12 results matched garden/tool-bag/caddy/tote when rendered 2026-09-04. No affiliate code.,Small garden tools are abandoned where they were used. One carrier makes returning them a single motion rather than five.
3 Room,MPL-00065,Storage & Organization,Micro Zone Organizer,Broom and Tool Wall Clips,Secure cleaning tools vertically,Straighten; Standardize; Sustain,All,Recommended,1,set,12,35,Do not overload; anchor wall-mounted or tall systems where required,9,homedepot,,https://www.homedepot.com/s/broom%20holder%20wall%20mount,,2026-09-04,Verified search,Retailer search for the product type. 9 of the first 12 results matched broom/holder/hook when rendered 2026-09-04. No affiliate code.,"Long-handled tools fall over, and a tool that falls over gets left leaning somewhere else. Vertical clips give each one a home that holds."
3 Room,MPL-00083,Storage & Organization,Micro Zone Organizer,Deck Box,Protect outdoor cushions and patio items,Straighten; Standardize; Sustain,All,Recommended,1,each,80,250,Do not overload; anchor wall-mounted or tall systems where required,8,homedepot,,https://www.homedepot.com/s/outdoor%20deck%20storage%20box,,2026-09-04,Verified search,Retailer search for the product type. 12 of the first 12 results matched deck-box/storage/box when rendered 2026-09-04. No affiliate code.,"Cushions left out are ruined by one wet week, so they end up indoors in the wrong room. Weatherproof capacity outside fixes both."
3 Room,MPL-00024,Storage & Organization,Micro Zone Organizer,Open Front Bin Medium,Provide one-motion access to medium items,Straighten; Standardize; Sustain,All,Recommended,4,each,8,22,Do not overload; anchor wall-mounted or tall systems where required,8,target,,https://www.target.com/s?searchTerm=open+front+storage+bin,,2026-09-04,Verified search,Retailer search for the product type. 9 of the first 24 results matched bin when rendered 2026-09-04. No affiliate code.,"Every lid is a step. Where the item is used many times a day, one-motion access is what stops the container being bypassed."
3 Room,MPL-00082,Storage & Organization,Micro Zone Organizer,PPE Wall Station,Make protective equipment visible and ready,Straighten; Standardize; Sustain,All,Recommended,1,system,25,80,Do not overload; anchor wall-mounted or tall systems where required,8,homedepot,,https://www.homedepot.com/s/glove%20dispenser%20wall%20mount,,2026-09-04,Verified search,Retailer search for the product type. 11 of the first 12 results matched dispenser/holder/rack when rendered 2026-09-04. No affiliate code.,Protective equipment that is in a drawer is not worn. Making it visible at the point of use is the difference between owning it and using it.
3 Room,MPL-00039,Storage & Organization,Micro Zone Organizer,Wall Hook Rail,Create labeled hanging homes,Straighten; Standardize; Sustain,All,Recommended,1,each,20,60,Do not overload; anchor wall-mounted or tall systems where required,8,target,,https://www.target.com/s?searchTerm=wall+mounted+hook+rail,,2026-09-04,Verified search,Retailer search for the product type. 22 of the first 24 results matched hook/rack/rail when rendered 2026-09-04. No affiliate code.,"A labelled hook is the cheapest assigned home there is, and the only one a child can use without being taught."
3 Room,MPL-00048,Storage & Organization,Micro Zone Organizer,Spice Organizer,Make spices visible and retrievable,Straighten; Standardize; Sustain,All,Recommended,1,each,15,45,Do not overload; anchor wall-mounted or tall systems where required,8,target,,https://www.target.com/s?searchTerm=spice+rack+organizer,,2026-09-04,Verified search,Retailer search for the product type. 12 of the first 24 results matched spice when rendered 2026-09-04. No affiliate code.,"Spices behind spices are bought again because they cannot be seen. Retrievability, not capacity, is the problem in this zone."
3 Room,MPL-00067,Storage & Organization,Micro Zone Organizer,Chemical Storage Bin,Separate and contain household chemicals,Straighten; Standardize; Sustain,All,Recommended,2,each,10,30,Do not overload; anchor wall-mounted or tall systems where required,7,target,,https://www.target.com/s?searchTerm=plastic+storage+bin+with+handles,,2026-09-04,Verified search,Retailer search for the product type. 13 of the first 24 results matched bin/crate/caddy when rendered 2026-09-04. No affiliate code.,Household chemicals stored loose leak into each other and get picked up by the wrong hand. Containment is a safety control before it is an organising one.
3 Room,MPL-00023,Storage & Organization,Micro Zone Organizer,Open Front Bin Small,Provide one-motion access to frequently used items,Straighten; Standardize; Sustain,All,Recommended,4,each,5,15,Do not overload; anchor wall-mounted or tall systems where required,7,target,,https://www.target.com/s?searchTerm=small+open+bin+storage,,2026-09-04,Verified search,Retailer search for the product type. 14 of the first 24 results matched bin when rendered 2026-09-04. No affiliate code.,Frequently used small items are the ones a lid costs the most on. Open front is the standard for anything touched daily.
3 Room,MPL-00076,Storage & Organization,Micro Zone Organizer,Sports Ball Bin,Contain loose balls and gear,Straighten; Standardize; Sustain,All,Recommended,1,each,20,60,Do not overload; anchor wall-mounted or tall systems where required,7,target,,https://www.target.com/s?searchTerm=sports+ball+storage+bin,,2026-09-04,Verified search,Retailer search for the product type. 13 of the first 24 results matched ball/sport/bin when rendered 2026-09-04. No affiliate code.,"Balls roll, so they have no stable home by nature and end up under the car. A deep container is the only thing that holds them."
3 Room,MPL-00044,Storage & Organization,Micro Zone Organizer,Umbrella Stand,Contain umbrellas vertically and allow drying,Straighten; Standardize; Sustain,All,Recommended,1,each,20,60,Do not overload; anchor wall-mounted or tall systems where required,7,target,,https://www.target.com/s?searchTerm=entryway+umbrella+holder,,2026-09-04,Verified search,Retailer search for the product type. 21 of the first 24 results matched umbrella when rendered 2026-09-04. No affiliate code.,"A wet umbrella has to drain somewhere, and a hook makes it drip on the floor. Vertical containment handles the water and the home at once."
3 Room,MPL-00029,Storage & Organization,Micro Zone Organizer,Shelf Riser,Use vertical space and reveal back-row items,Straighten; Standardize; Sustain,All,Recommended,2,each,8,25,Do not overload; anchor wall-mounted or tall systems where required,7,target,,https://www.target.com/s?searchTerm=cabinet+shelf+riser,,2026-09-04,Verified search,Retailer search for the product type. 10 of the first 24 results matched shelf/riser when rendered 2026-09-04. No affiliate code.,A back row you cannot see is a back row you buy again. A riser turns one deep shelf into two visible ones.
3 Room,MPL-00081,Storage & Organization,Micro Zone Organizer,Flammable Safety Cabinet,Secure flammable finishes and solvents,Straighten; Standardize; Sustain,All,Recommended,1,each,300,900,Do not overload; anchor wall-mounted or tall systems where required,6,homedepot,,https://www.homedepot.com/s/flammable%20storage%20cabinet,,2026-09-04,Verified search,Retailer search for the product type. 12 of the first 12 results matched flammable/cabinet/safety when rendered 2026-09-04. No affiliate code.,"Solvents and finishes stored on an open shelf are unsafe placement with a specific failure mode. A rated cabinet is the control, not a tidier shelf."
3 Room,MPL-00058,Storage & Organization,Micro Zone Organizer,Document File Box,Protect and organize household records,Straighten; Standardize; Sustain,All,Recommended,2,each,15,40,Do not overload; anchor wall-mounted or tall systems where required,6,target,,https://www.target.com/s?searchTerm=file+storage+box+hanging+folders,,2026-09-04,Verified search,Retailer search for the product type. 18 of the first 24 results matched file/box when rendered 2026-09-04. No affiliate code.,Household records are kept in a pile because filing them takes a system nobody built. A single box with hanging files is that system at its smallest.
3 Room,MPL-00035,Storage & Organization,Micro Zone Organizer,Magazine File,"Contain manuals, papers, slim books, or activity books",Straighten; Standardize; Sustain,All,Recommended,4,each,5,15,Do not overload; anchor wall-mounted or tall systems where required,6,target,,https://www.target.com/s?searchTerm=magazine+file+holder,,2026-09-04,Verified search,Retailer search for the product type. 16 of the first 24 results matched magazine/file when rendered 2026-09-04. No affiliate code.,Slim items fall flat and then everything on the shelf leans. Vertical containment keeps them findable and keeps the shelf upright.
3 Room,MPL-00031,Storage & Organization,Micro Zone Organizer,Two-Tier Slide-Out Organizer,Create accessible pull-out storage in cabinets,Straighten; Standardize; Sustain,All,Recommended,1,each,25,55,Do not overload; anchor wall-mounted or tall systems where required,6,target,,https://www.target.com/s?searchTerm=2+tier+pull+out+cabinet+organizer,,2026-09-04,Verified search,Retailer search for the product type. 16 of the first 24 results matched tier/pull-out/slide/organizer when rendered 2026-09-04. No affiliate code.,"A deep cabinet has capacity you cannot reach, which is poor accessibility, not a shortage. Pulling the shelf out brings the back to you."
3 Room,MPL-00043,Storage & Organization,Micro Zone Organizer,Boot Tray,"Contain water, mud, and outdoor footwear",Straighten; Standardize; Sustain,All,Recommended,1,each,12,35,Do not overload; anchor wall-mounted or tall systems where required,6,homedepot,,https://www.homedepot.com/s/boot%20tray,,2026-09-04,Verified search,Retailer search for the product type. 9 of the first 12 results matched boot/tray when rendered 2026-09-04. No affiliate code.,Wet and muddy boots are the reason an entry floor is never clean. A tray contains the water instead of spreading it.
3 Room,MPL-00053,Storage & Organization,Micro Zone Organizer,Food Date Label Kit,Date leftovers and opened food,Straighten; Standardize; Sustain,All,Recommended,1,kit,6,18,Do not overload; anchor wall-mounted or tall systems where required,6,target,,https://www.target.com/s?searchTerm=freezer+labels,,2026-09-04,Verified search,Retailer search for the product type. 14 of the first 24 results matched label when rendered 2026-09-04. No affiliate code.,"An undated leftover is thrown away on suspicion or eaten on hope. Dating removes the guess, which is what actually reduces waste."
3 Room,MPL-00080,Storage & Organization,Micro Zone Organizer,Material Rack,Store long project materials safely,Straighten; Standardize; Sustain,All,Recommended,1,system,60,250,Do not overload; anchor wall-mounted or tall systems where required,5,homedepot,,https://www.homedepot.com/s/lumber%20storage%20rack,,2026-09-04,Verified search,Retailer search for the product type. 8 of the first 12 results matched rack/lumber/storage when rendered 2026-09-04. No affiliate code.,"Long material stored leaning falls, warps and blocks the floor. Horizontal support is a safety fix as much as a space one."
3 Room,MPL-00049,Storage & Organization,Micro Zone Organizer,Can Riser,Reveal canned goods and maintain FIFO,Straighten; Standardize; Sustain,All,Recommended,2,each,12,30,Do not overload; anchor wall-mounted or tall systems where required,5,target,,https://www.target.com/s?searchTerm=can+organizer+rack+pantry,,2026-09-04,Verified search,Retailer search for the product type. 4 of the first 24 results matched can/organizer/rack when rendered 2026-09-04. No affiliate code.,Cans stacked flat hide their own labels and defeat rotation. A stepped or gravity rack makes both visible.
3 Room,MPL-00084,Storage & Organization,Micro Zone Organizer,Grill Tool Rack,Create safe homes for outdoor cooking tools,Straighten; Standardize; Sustain,All,Recommended,1,each,15,50,Do not overload; anchor wall-mounted or tall systems where required,5,homedepot,,https://www.homedepot.com/s/grill%20tool%20holder%20hooks,,2026-09-04,Verified search,Retailer search for the product type. 12 of the first 12 results matched grill/hook/tool/holder when rendered 2026-09-04. No affiliate code.,Hot tools put down on a rail or a table are a burn waiting to happen. A defined hanging home is the safe default.
3 Room,MPL-00032,Storage & Organization,Micro Zone Organizer,Single-Tier Slide-Out Organizer,Provide pull-out access in low or narrow cabinets,Straighten; Standardize; Sustain,All,Recommended,1,each,18,45,Do not overload; anchor wall-mounted or tall systems where required,5,target,,https://www.target.com/s?searchTerm=pull+out+cabinet+organizer,,2026-09-04,Verified search,Retailer search for the product type. 20 of the first 24 results matched pull-out/slide/organizer when rendered 2026-09-04. No affiliate code.,In a low or narrow cabinet the barrier is kneeling and reaching blind. One sliding tier removes both motions.
3 Room,MPL-00079,Storage & Organization,Micro Zone Organizer,Small Parts Drawer Cabinet,Organize fasteners and hardware by type and size,Straighten; Standardize; Sustain,All,Recommended,1,each,25,100,Do not overload; anchor wall-mounted or tall systems where required,4,homedepot,,https://www.homedepot.com/s/small%20parts%20organizer%20drawers,,2026-09-04,Verified search,Retailer search for the product type. 12 of the first 12 results matched drawer/organizer/parts/bin when rendered 2026-09-04. No affiliate code.,Fasteners mixed together are bought again rather than sorted through. Separation by type and size is what makes the stock usable.
3 Room,MPL-00064,Storage & Organization,Micro Zone Organizer,Drying Rack,Air-dry delicate or non-dryer items,Straighten; Standardize; Sustain,All,Recommended,1,each,25,70,Do not overload; anchor wall-mounted or tall systems where required,4,target,,https://www.target.com/s?searchTerm=clothes+drying+rack,,2026-09-04,Verified search,Retailer search for the product type. 19 of the first 24 results matched drying/rack when rendered 2026-09-04. No affiliate code.,"Items that cannot go in a dryer end up over doors and radiators, which is wrong location by default. A rack gives the exception a home."
3 Room,MPL-00047,Storage & Organization,Micro Zone Organizer,Pan and Bakeware Divider,Store cookware and bakeware vertically,Straighten; Standardize; Sustain,All,Recommended,1,each,18,45,Do not overload; anchor wall-mounted or tall systems where required,4,target,,https://www.target.com/s?searchTerm=bakeware+organizer,,2026-09-04,Verified search,Retailer search for the product type. 5 of the first 24 results matched bakeware/pan when rendered 2026-09-04. No affiliate code.,Nested pans mean lifting four to reach one. Standing them upright makes every one a single motion.
3 Room,MPL-00073,Storage & Organization,Micro Zone Organizer,Toilet Paper Reserve Holder,Hold a controlled visible reserve,Straighten; Standardize; Sustain,All,Recommended,1,each,12,35,Do not overload; anchor wall-mounted or tall systems where required,4,target,,https://www.target.com/s?searchTerm=toilet+paper+storage+holder,,2026-09-04,Verified search,Retailer search for the product type. 20 of the first 24 results matched toilet-paper/toilet/holder when rendered 2026-09-04. No affiliate code.,The reserve is either invisible in a cupboard or a stack on the floor. A controlled visible reserve is also the replenishment signal.
3 Room,MPL-00034,Storage & Organization,Micro Zone Organizer,Vertical File Sorter,"Store paper, trays, lids, or boards vertically",Straighten; Standardize; Sustain,All,Recommended,1,each,10,30,Do not overload; anchor wall-mounted or tall systems where required,4,target,,https://www.target.com/s?searchTerm=desktop+file+sorter,,2026-09-04,Verified search,Retailer search for the product type. 14 of the first 24 results matched sorter/file when rendered 2026-09-04. No affiliate code.,"Flat stacks are accessed from the top only, so the bottom is dead. Vertical storage makes every item in the set reachable."
3 Room,MPL-00095,Visual Controls & Safety,Child-resistant drawer or cabinet latch,Drawer Safety Latch,"Restrict access to chemicals, medicines, and sharp tools",Safety,Bathroom; Kitchen; Laundry; Garage; Workshop; Nursery,Recommended,1,pack,8,25,Install and use according to product instructions,4,target,,https://www.target.com/s?searchTerm=child+safety+cabinet+latch,,2026-09-04,Verified search,Retailer search for the product type. 22 of the first 24 results matched latch/lock/safety when rendered 2026-09-04. No affiliate code.,"Chemicals, medicines and sharp tools in a reachable drawer are unsafe placement. A latch is the control; teaching is not."
3 Room,MPL-00040,Storage & Organization,Micro Zone Organizer,Pegboard Panel System,Create visible tool and supply homes,Straighten; Standardize; Sustain,All,Recommended,1,system,35,120,Do not overload; anchor wall-mounted or tall systems where required,3,homedepot,,https://www.homedepot.com/s/pegboard,,2026-09-04,Verified search,Retailer search for the product type. 12 of the first 12 results matched pegboard/peg-board when rendered 2026-09-04. No affiliate code.,"A tool in a drawer has no standard state, so nobody can tell whether it was put back. On a board, missing is visible from across the room."
3 Room,MPL-00077,Storage & Organization,Micro Zone Organizer,Bike Wall Rack,Secure bicycles off the floor,Straighten; Standardize; Sustain,All,Recommended,1,each,35,100,Do not overload; anchor wall-mounted or tall systems where required,3,homedepot,,https://www.homedepot.com/s/bike%20wall%20mount%20rack,,2026-09-04,Verified search,Retailer search for the product type. 12 of the first 12 results matched bike/bicycle when rendered 2026-09-04. No affiliate code.,Bikes on the floor take the space a car or a workbench needs and fall on things. Off the floor is the whole outcome.
3 Room,MPL-00046,Storage & Organization,Micro Zone Organizer,Lid Organizer,Separate cookware or food-container lids,Straighten; Standardize; Sustain,All,Recommended,1,each,12,35,Do not overload; anchor wall-mounted or tall systems where required,3,target,,https://www.target.com/s?searchTerm=pot+lid+organizer,,2026-09-04,Verified search,Retailer search for the product type. 16 of the first 24 results matched lid/organizer/rack when rendered 2026-09-04. No affiliate code.,Lids are the single worst-behaved item in a kitchen because they do not stack with what they belong to. They need their own boundary.
3 Room,MPL-00015,Safety,Nitrile Gloves,Reusable or disposable nitrile gloves,Protect hands during cleaning and sorting,Safety; Shine,All,Recommended,1,box,8,20,Use per product label,3,homedepot,,https://www.homedepot.com/s/nitrile%20gloves,,2026-09-04,Verified search,Retailer search for the product type. 12 of the first 12 results matched nitrile/glove when rendered 2026-09-04. No affiliate code.,Hands are the reason a cleaning or sorting job gets cut short. Protection is what makes the unpleasant part of a reset finishable.
3 Room,MPL-00037,Storage & Organization,Micro Zone Organizer,Slim Non-Slip Hanger Set,Maximize hanging capacity without crowding,Straighten; Standardize; Sustain,All,Recommended,30,hangers,25,60,Do not overload; anchor wall-mounted or tall systems where required,2,target,,https://www.target.com/s?searchTerm=velvet+slim+hangers,,2026-09-04,Verified search,Retailer search for the product type. 24 of the first 24 results matched hanger when rendered 2026-09-04. No affiliate code.,Crowding is inadequate capacity that looks like too many clothes. Slim non-slip hangers recover depth without anything being discarded.
3 Room,MPL-00041,Storage & Organization,Micro Zone Organizer,Adjustable Wall Track System,Secure long tools and sports equipment,Straighten; Standardize; Sustain,All,Recommended,1,system,50,180,Do not overload; anchor wall-mounted or tall systems where required,2,homedepot,,https://www.homedepot.com/s/garage%20wall%20track%20storage%20system,,2026-09-04,Verified search,Retailer search for the product type. 10 of the first 11 results matched track/rail/storage/wall when rendered 2026-09-04. No affiliate code.,Long tools and sports equipment have no shape a shelf suits. An adjustable track lets the home match the item instead of the other way round.
3 Room,MPL-00078,Storage & Organization,Micro Zone Organizer,Battery Charging Rack,Organize tool batteries and chargers,Straighten; Standardize; Sustain,All,Recommended,1,system,30,90,Do not overload; anchor wall-mounted or tall systems where required,2,homedepot,,https://www.homedepot.com/s/tool%20battery%20storage%20rack,,2026-09-04,Verified search,Retailer search for the product type. 9 of the first 12 results matched battery/charger/rack/shelf when rendered 2026-09-04. No affiliate code.,"Batteries and chargers separate, and then nothing is charged when it is needed. One rack makes the charged state visible."
3 Room,MPL-00071,Storage & Organization,Micro Zone Organizer,Shower Caddy,Contain current bathing products,Straighten; Standardize; Sustain,All,Recommended,1,each,15,45,Do not overload; anchor wall-mounted or tall systems where required,2,target,,https://www.target.com/s?searchTerm=shower+caddy,,2026-09-04,Verified search,Retailer search for the product type. 22 of the first 24 results matched shower/caddy when rendered 2026-09-04. No affiliate code.,Bottles on the shower floor are why the shower floor cannot be cleaned. Lifting them is a Shine fix disguised as storage.
3 Room,MPL-00072,Storage & Organization,Micro Zone Organizer,Shower Squeegee,Support fast after-use water removal,Straighten; Standardize; Sustain,All,Recommended,1,each,10,30,Do not overload; anchor wall-mounted or tall systems where required,2,target,,https://www.target.com/s?searchTerm=shower+squeegee,,2026-09-04,Verified search,Retailer search for the product type. 10 of the first 24 results matched squeegee when rendered 2026-09-04. No affiliate code.,Limescale is difficult cleaning that you can prevent instead. Thirty seconds after use replaces a scrubbing job later.
3 Room,MPL-00103,Sort & Routing,Secure Disposal,Cross-Cut Shredder,Destroy documents carrying personal or financial detail at the point of the keep-or-go decision,Sort; Sustain,Home Office,Recommended,1,each,30,150,"Keep fingers, ties, and long hair clear of the feed; unplug around children and pets",1,target,,https://www.target.com/s?searchTerm=cross+cut+paper+shredder,,2026-09-04,Verified search,Retailer search for the product type. 10 of the first 24 results matched shredder when rendered 2026-09-04. No affiliate code.,"Paper that cannot be safely thrown away is not sorted, it is deferred. Destroying it at the point of decision is what lets the decision finish."
3 Room,MPL-00052,Storage & Organization,Micro Zone Organizer,Produce Keeper Bin,Improve produce visibility and condition,Straighten; Standardize; Sustain,All,Recommended,2,each,15,40,Do not overload; anchor wall-mounted or tall systems where required,1,target,,https://www.target.com/s?searchTerm=produce+keeper,,2026-09-04,Verified search,Retailer search for the product type. 4 of the first 24 results matched produce when rendered 2026-09-04. No affiliate code.,"Produce is lost at the back of a drawer, which is a visibility problem with a cost attached to it every week."
3 Room,MPL-00045,Storage & Organization,Micro Zone Organizer,Under-Bed Storage Bin,Use under-bed capacity without loose storage,Straighten; Standardize; Sustain,All,Recommended,2,each,15,40,Do not overload; anchor wall-mounted or tall systems where required,1,target,,https://www.target.com/s?searchTerm=under+bed+storage+bin,,2026-09-04,Verified search,Retailer search for the product type. 22 of the first 24 results matched under-bed/underbed/storage when rendered 2026-09-04. No affiliate code.,Under a bed is real capacity that becomes a dust trap when used loose. A closed rolling container makes it storage rather than a gap.
3 Room,MPL-00051,Storage & Organization,Micro Zone Organizer,Refrigerator Bin Set,Group and contain refrigerated food,Straighten; Standardize; Sustain,All,Recommended,1,set,25,70,Do not overload; anchor wall-mounted or tall systems where required,1,target,,https://www.target.com/s?searchTerm=refrigerator+organizer+bins,,2026-09-04,Verified search,Retailer search for the product type. 22 of the first 24 results matched refrigerator/fridge/bin/organizer when rendered 2026-09-04. No affiliate code.,"A fridge has no internal boundaries, so every category migrates. Grouped containers hold zones a shelf cannot."
3 Room,MPL-00030,Storage & Organization,Micro Zone Organizer,Turntable 10-12 Inch,Make deep-corner items accessible,Straighten; Standardize; Sustain,All,Recommended,1,each,10,25,Do not overload; anchor wall-mounted or tall systems where required,1,target,,https://www.target.com/s?searchTerm=lazy+susan+turntable+organizer,,2026-09-04,Verified search,Retailer search for the product type. 20 of the first 24 results matched turntable/lazy-susan when rendered 2026-09-04. No affiliate code.,A deep corner is capacity you cannot reach without unloading it. Rotation brings the back to the front in one motion.
3 Room,MPL-00110,Cleaning Tools,Duster,Extendable duster,"Reach overhead racks, roof decks, and high shelving from the floor",Shine,Garage; Workshop; Stair Landing,Recommended,1,each,10,25,Use from the floor rather than climbing where you can; wear eye protection under overhead dust,1,target,,https://www.target.com/s?searchTerm=extendable+duster,,2026-09-04,Verified search,Retailer search for the product type. 16 of the first 24 results matched duster when rendered 2026-09-04. No affiliate code.,Overhead dust is the source that resettles on everything you just cleaned. Reaching it from the floor is what makes it part of the routine.
3 Room,MPL-00120,Cleaning Tools,Garment Brush,Soft clothing brush,Lift hair and street dust off coat shoulders and bag straps without marking the fabric,Shine,Mudroom; Entryway; Hall Closet,Recommended,1,each,6,18,"Brush with the weave, not against it; keep it away from wet fabric so it does not felt the nap",1,,,,,2026-09-04,Too weak to publish,"target search ""garment brush"" returned 1 matching results of 24. Not published.",Coat shoulders and bag straps carry street dust into the house. A soft brush at the door stops it at the threshold.
3 Room,MPL-00107,Cleaning Supplies,Contact Cleaner,Electrical contact cleaner,Clean battery contacts and charger terminals without leaving residue,Shine,Garage; Workshop,Recommended,1,can,6,16,Power down and unplug first; use in ventilation; never a damp cloth on contacts,1,homedepot,,https://www.homedepot.com/s/electrical%20contact%20cleaner,,2026-09-04,Verified search,Retailer search for the product type. 4 of the first 12 results matched contact-cleaner/contact/electrical when rendered 2026-09-04. No affiliate code.,"A charger that stops working is usually a dirty contact, not a dead device. Residue-free cleaning is the whole requirement."
3 Room,MPL-00011,Sort & Routing,Red Tags,Reusable red-tag kit with date field,Time-box genuine maybes,Sort; Sustain,All,Recommended,25,tags,5,15,Do not use as permanent storage,0,target,,https://www.target.com/s?searchTerm=manila+shipping+tags,,2026-09-04,Verified search,Retailer search for the product type. 3 of the first 24 results matched tag when rendered 2026-09-04. No affiliate code.,A genuine maybe stalls a Sort indefinitely. A dated tag time-boxes the decision so the item leaves or stays on a known date rather than never.
3 Room,MPL-00028,Storage & Organization,Micro Zone Organizer,Deep Drawer Bin Set,Contain categories in deep drawers,Straighten; Standardize; Sustain,All,Recommended,1,set,15,45,Do not overload; anchor wall-mounted or tall systems where required,0,target,,https://www.target.com/s?searchTerm=deep+drawer+organizer+bins,,2026-09-04,Verified search,Retailer search for the product type. 20 of the first 24 results matched drawer/bin/organizer when rendered 2026-09-04. No affiliate code.,A deep drawer becomes a well: items at the bottom are functionally gone. Bins hold categories at a depth you can still see into.
3 Room,MPL-00094,Visual Controls & Safety,Durable QR code labels,QR Code Label Kit,"Connect zones to SOPs, inventories, and audits",Standardize; Sustain,All,Recommended,1,pack,10,30,Install and use according to product instructions,0,target,,https://www.target.com/s?searchTerm=printable+label+sheets,,2026-09-04,Verified search,Retailer search for the product type. 22 of the first 24 results matched label when rendered 2026-09-04. No affiliate code.,A zone standard that lives in a document nobody opens is not a standard. A durable code on the zone connects the place to its own instructions.
3 Room,MPL-00087,Visual Controls & Safety,Small visual timer,Reset Timer,Time-box 15-90 minute resets,Sort; Straighten; Shine; Sustain,All,Recommended,1,each,8,25,Install and use according to product instructions,0,target,,https://www.target.com/s?searchTerm=kitchen+timer,,2026-09-04,Verified search,Retailer search for the product type. 22 of the first 24 results matched timer when rendered 2026-09-04. No affiliate code.,An unbounded reset is the reason resets are avoided. A visible countdown is what turns a whole-room dread into a finishable fifteen minutes.
3 Room,MPL-00089,Visual Controls & Safety,Reusable six-question audit card,Micro Zone Audit Card,Support recurring micro-zone audits,Standardize; Sustain,All,Recommended,1,pack,8,20,Install and use according to product instructions,0,target,,https://www.target.com/s?searchTerm=dry+erase+pockets,,2026-09-04,Verified search,Retailer search for the product type. 16 of the first 24 results matched dry-erase/pocket when rendered 2026-09-04. No affiliate code.,An audit that has to be remembered is not repeated. A reusable card in a wipeable sleeve makes the same six questions available in the zone every time.
3 Room,MPL-00088,Visual Controls & Safety,Photo framing and evidence card,Before and After Photo Card,Standardize reset evidence and audit photos,Standardize; Sustain,All,Recommended,1,set,5,15,Install and use according to product instructions,0,target,,https://www.target.com/s?searchTerm=dry+erase+pockets,,2026-09-04,Verified search,Retailer search for the product type. 16 of the first 24 results matched dry-erase/pocket when rendered 2026-09-04. No affiliate code.,Before and after is the only evidence a household reset produces. A consistent framing card is what makes two photographs comparable rather than just two photographs.
4 Situational,MPL-00018,Safety,Furniture Anchoring Kit,Anti-tip anchors and hardware,Secure tall furniture and shelving,Safety,All,Situational,1,kit,8,25,Install to manufacturer and wall-type requirements,34,homedepot,,https://www.homedepot.com/s/furniture%20anti%20tip%20anchor%20kit,,2026-09-04,Verified search,Retailer search for the product type. 12 of the first 12 results matched anti-tip/anchor/furniture/strap when rendered 2026-09-04. No affiliate code.,"Tall furniture tipping is the one household failure that kills children, and it is entirely preventable with a strap. This is not an organising product, it is the condition on storing anything high."
